question,answer
"La plupart des personnes travaillent la semaine et se reposent le weekend, alors que moi je travaille le weekend et je me repose en semaine. C'est pareil pour les vacances, je suis rester Ã  Paris en aout alors que tout le monde Ã©tait Ã  la mer. Mais je pars Ã  Bali en octobre quand les gens travailleront ici en hiver. Une pensÃ©e pour tous mes profs qui voulaient me faire rentrer dans le moule. C'est ca l'entrepreneuriat ! S'affranchir des diktats de la sociÃ©tÃ© !","Je fais rien comme les autres depuis tout petit.

â†’ Je bosse le weekend quand les gens se reposent.
â†’ Je me repose quand les gens travaillent en semaine.

Mais c'est pas tout...

â†’ Je charbonne en aoÃ»t quand les gens sont Ã  la mer.
â†’ Je pars de Paris pour Bali quand les gens charbonnent en hiver.

Tu sais Ã  qui je pense ?

A tous mes professeurs du lycÃ©e qui voulaient me faire rentrer dans le moule.

L'entrepreneuriat, c'est s'affranchir des diktats de la sociÃ©tÃ©.

â†’ Alors toi aussi, ne te laisse pas piÃ©ger dans les schÃ©mas prÃ©Ã©tablis.
â†’ Fais tes propres choix, suis tes propres rÃ¨gles.

Mon conseil ?

Explore, expÃ©rimente, et vis ta vie selon tes propres termes.

â†’ Il n'y a pas de bonne ou de mauvaise faÃ§on de faire les choses.
â†’ Il y a juste ta faÃ§on, unique et authentique.

Et toi dis-moi,

Tu rentres dans le moule ou pas ?"
"La plupart des gens attendent ""la bonne idÃ©e"" pour se lancer et en fait ca les paralyse. Alors que il faudrait plutot commencer Ã  aimer les mauvaises idÃ©es car c'est a force de faire des mauvaises idÃ©es qu'on se rapproche petit Ã  petit de la bonne idÃ©e. Par exemple moi j'ai commencÃ© par faire des vidÃ©os sur Shopify, puis une sÃ©rie youtube ""dans la tete d'un freelance"", puis une nouvelle sÃ©rieu youtube ""cÃ©-per sur linkedin"" et toutes ces expÃ©riences peuvent etre considÃ©rÃ© comme des echecs. Pourtant aujourd'hui je lance un nouveau podcast sur la quete des 10K en tant qu'entrepreneurs ou j'invite plein de gens gÃ©niaux ! Je ne sais pas si ca va marcher, mais je m'en fiche. L'idÃ©e c'est d'y aller, et de se tromper le plus rapidement possible. ","Non mais stop,

C'est quoi cette idÃ©e que l'entrepreneuriat c'est une question de ""bonne idÃ©e"" ?

Vraiment, la vÃ©ritÃ© elle est simple mais dure :

DerriÃ¨re chaque ""bonne idÃ©e"" se cachent des dizaines, voire des centaines de ""mauvaises idÃ©es"". ğŸš€

Regarde la bizarrerie de mon parcours :

â†’ J'ai tentÃ© les vidÃ©os sur Shopify. Ã‰chec.

â†’ J'ai crÃ©Ã© une sÃ©rie Youtube ""Dans la tÃªte d'un freelance"". Ã‰chec.

â†’ J'ai recommencÃ© avec une autre sÃ©rie Youtube ""CÃ©-per sur Linkedin"". Echec.

â†’ Aujourd'hui, je lance un Podcast sur la quÃªte des 10K en tant que solopreneur dans lequel j'invite des gens exceptionnels.

Est-ce la bonne idÃ©e ?

Je sais pas et en rÃ©alitÃ© je m'en moque,

Je vois tellement pas Ã§a comme des Ã©checs,

Mais plutÃ´t comme des pas de plus vers ma destinÃ©e.

â†’ Lance des trucs
â†’ Trompe-toi rapidement

MÃªme dans 100 mauvaises idÃ©es,

Si tu ne t'amÃ©liores que de 1% Ã  chaque fois, ta vie sera transformÃ©e.

En fait...

C'est peut-Ãªtre l'Ã©chec qui est la ""bonne idÃ©e"" non ? ğŸ˜‰"
"La zone de gÃ©nie est ce que naval Ravikant appelle le specific knowledge. Elle ne peut pas Ãªtre enseignÃ©e. Car cela voudrait dire qu'on pourrait te remplacer. Ce que tu souhaites Ã  l'inverse, c'est trouver le domaine dans lequel tu es meilleur que tout le monde. Comment tu las trouve ? En suivant tes curiositÃ©s, et tes passions. Mais pas en poursuivant ce qui est tendance en ce moment. Ta zone de gÃ©nie c'est ce qui semble jouer pour toi, mais qui est travailler pour les autres. C'est soivent 2 types de compÃ©tences :
- Soit c'est trÃ¨s technique
- Soit c'est trÃ¨s crÃ©atif
La zone de gÃ©nie ne peut pas Ãªtre automatisÃ©e ou externalisÃ©. ","Vous avez entendu parler de la ""zone de gÃ©nie"" ?

C'est un concept que Naval Ravikant, l'entrepreneur et penseur moderne, appelle ""specific knowledge"".

ğŸš« Elle ne peut PAS Ãªtre enseignÃ©e.
ğŸš« Elle ne peut PAS Ãªtre automatisÃ©e.
ğŸš« Elle ne peut PAS Ãªtre externalisÃ©e.

Pourquoi ?

Parce que si c'Ã©tait le cas, vous seriez remplaÃ§able. Et Ãªtre remplaÃ§able, c'est le dernier statut que vous voulez dans ce monde en rapide Ã©volution.

âœ¨ Alors, comment dÃ©couvrez-vous votre zone de gÃ©nie ?

1ï¸âƒ£ Suivez Vos CuriositÃ©s et Passions : Ne poursuivez pas ce qui est Ã  la mode. Poursuivez ce qui vous fait vibrer. Ce qui peut sembler comme un jeu pour vous est souvent un travail ardu pour les autres.

2ï¸âƒ£ Identifiez Vos CompÃ©tences Unique : Elles sont gÃ©nÃ©ralement de deux types :

TrÃ¨s technique ğŸ› ï¸
TrÃ¨s crÃ©atif ğŸ¨
ğŸ¤” Posez-vous cette question: Dans quel domaine Ãªtes-vous inÃ©galÃ©? Quel est ce domaine oÃ¹ vous surpassez tout le monde, mÃªme si vous le trouvez facile ou naturel ?

ğŸ’¡ Rappelez-vous : Ce que vous considÃ©rez comme ""facile"" ou ""naturel"" est souvent trÃ¨s difficile pour les autres. C'est lÃ  que rÃ©side votre valeur unique.

ğŸŒŸ C'est Votre ""Zone de GÃ©nie"" : Le lieu oÃ¹ vous ne pouvez pas Ãªtre remplacÃ©, oÃ¹ vous apportez une valeur inestimable.

ğŸ“£ ACTION : Prenez un moment aujourd'hui pour identifier votre zone de gÃ©nie et partagez-le en commentaire. Quelle est cette chose que vous faites mieux que personne ?
"
Pourquoi les moins performants mais les beaux parleurs ont les meilleurs promotions. ,"ğŸ¤” Pourquoi Les Moins Performants Mais Les Beaux Parleurs Obtiennent Les Meilleures Promotions ?

Vous Ãªtes assis lÃ , Ã  regarder John Ãªtre promu. Oui, le mÃªme John qui passe plus de temps Ã  discuter autour de la machine Ã  cafÃ© que sur ses tÃ¢ches. Cela vous semble injuste, non ? Vous travaillez dur, vous vous sacrifiez, mais vous Ãªtes laissÃ© pour compte quand il s'agit de promotions. Pourquoi ?

ğŸ—£ï¸ Le Mythe du Beau Parleur
On pense souvent que parler bien et fort fait de quelqu'un un bon leader. Mais la rÃ©alitÃ©, c'est que cela masque souvent l'absence de compÃ©tences rÃ©elles. Les ""beaux parleurs"" sont trÃ¨s souvent mis en avant car ils savent comment vendre. Se vendre eux-mÃªmes, en particulier.

ğŸ‘¥ Le RÃ´le des ""Faiseurs""
Les employÃ©s qui ""font"" sont le cÅ“ur de chaque entreprise. Ce sont eux qui rÃ©alisent les tÃ¢ches, qui innovent, qui construisent. Ils ne passent pas leur temps Ã  prendre tout le crÃ©dit, ils sont trop occupÃ©s Ã  faire avancer les choses.

ğŸ¯ Pourquoi Ce DÃ©sÃ©quilibre ?
La vÃ©ritÃ© douloureuse ? Les entreprises confondent souvent Ã©loquence avec compÃ©tence. La communication est cruciale, mais elle ne devrait pas Ã©clipser le mÃ©rite et le talent.

ğŸš€ Que Faire ?
Si vous Ãªtes un ""faiseur"", voici quelques Ã©tapes pour vous aider :
1ï¸âƒ£ Documentez Votre Travail : Si vous ne parlez pas, laissez votre travail parler pour vous.
2ï¸âƒ£ Parlez Quand Câ€™est NÃ©cessaire : Choisissez des moments pour vous faire entendre.
3ï¸âƒ£ Cherchez des AlliÃ©s : Trouvez des personnes qui reconnaissent votre valeur et peuvent Ãªtre vos dÃ©fenseurs.

ğŸ“¢ Conclusions

Il est temps de briser ce cycle. Le beau parleur n'est pas toujours la meilleure personne pour le poste. Le monde a besoin de plus de ""faiseurs"" dans des positions de leadership.

ğŸ’¬ Vous avez dÃ©jÃ  Ã©tÃ© tÃ©moin d'une promotion qui vous a fait grincer des dents ? Comment gÃ©rez-vous ces situations ? Partagez votre expÃ©rience dans les commentaires !"
je suis consultant en IT et je travaille pour des entreprises du CAC40. Etant moi meme pour l'ecologie je trouve ca contradictoire de devoir vendre que je vais dans ce sens la. Pourtant je dois le faire et on sait bien qu'au final il n'en ont que faire. Je suis donc dans une posture assez incofortable car je suis supposÃ© defendre ces entreprises la alors que je sais bien qu'au final c'est du foutage de gueule.,"ğŸŒ¿ Quand Ã‰cologie et Business du CAC40 se Rencontrent: Une Contradiction InÃ©vitable ? ğŸ¢

Chaque matin, je me lÃ¨ve pour travailler en tant que consultant en IT pour des entreprises du CAC40. Oui, vous avez bien entendu. Des gÃ©ants industriels avec des empreintes carbones massives.

ğŸŒ³ En tant qu'Ã©cologiste convaincu, je me trouve dans une situation pour le moins inconfortable. Pourquoi ? Parce que je dois souvent promouvoir des solutions ""Ã©cologiques"" pour des entreprises qui, soyons honnÃªtes, sont plus intÃ©ressÃ©es par leurs marges que par la mÃ¨re nature.

âš–ï¸ C'est un dilemme que beaucoup d'entre nous vivent chaque jour : comment rÃ©concilier notre Ã©thique personnelle avec les rÃ©alitÃ©s parfois crues du monde des affaires ?

ğŸ•µï¸â€â™‚ï¸ Alors, que faire ?
1ï¸âƒ£ D'abord, poser des questions difficiles Ã  nos clients et Ã  nous-mÃªmes.
2ï¸âƒ£ Chercher des moyens d'initier un changement, mÃªme minime, de l'intÃ©rieur.
3ï¸âƒ£ Travailler en rÃ©seau avec des collÃ¨gues qui partagent nos valeurs pour amplifier notre impact.

ğŸ’¡ Peut-Ãªtre qu'ensemble, nous pouvons transformer ce qui semble Ãªtre une contradiction en une opportunitÃ© pour faire Ã©voluer les mentalitÃ©s et les pratiques.

ğŸ—£ Je vous le demande : avez-vous dÃ©jÃ  vÃ©cu une contradiction similaire dans votre carriÃ¨re ? Comment l'avez-vous gÃ©rÃ© ?

ğŸ”„ Partagez ce post si vous pensez que nous devrions tous prendre des mesures pour rendre l'industrie IT plus durable."
"J'ai 30 ans je suis pas mariÃ©, j'ai pas d'enfant, je n'ai pas de CDI, je n'ai pas de voiture et je ne suis pas propriÃ©taire. Je sais que je suis diffÃ©rent. Mais j'assume. Je veux vivre intensÃ©ment, et je ne veux pas me soumettre au diktat de la sociÃ©tÃ©. ","Ã€ tous ceux qui pensent qu'il y a une ""norme"" Ã  suivre :

J'ai 30 ans. Yes, trente. Et laissez-moi vous lister ce que je n'ai PAS :

âŒ Pas d'alliance au doigt.
âŒ Pas d'enfant, mÃªme pas en projet.
âŒ Pas de contrat Ã  durÃ©e indeterminÃ©. 
âŒ Pas de belle voiture dans le garage.
âŒ De toute maniÃ¨re j'ai pas non plus de maison Ã  mon nom.

Par contre, voici ce que j'ai : 

âœ… Une libertÃ©, un vraie de faire ce que je veux quand je veux
âœ… Des expÃ©riences qui ne se mesurent pas en biens matÃ©riels (voyage, sortie, formations...)
âœ… Une volontÃ© (et la capacitÃ©) de vivre chaque jour comme si c'Ã©tait le dernier.
âœ… Un refus catÃ©gorique de me soumettre aux diktats de la sociÃ©tÃ© qui nous pousse Ã  cocher des cases pour Ãªtre considÃ©rÃ© comme ""rÃ©ussi"".

Je suis diffÃ©rent. 

J'assume. Je vis intensÃ©ment. 

Et si cela dÃ©range, posez-vous la question : est-ce vraiment moi qui vis Ã  contre-courant, 

Ou est-ce la sociÃ©tÃ© qui nous pousse dans un courant oÃ¹ nous ne voulons pas toujours nager ?

Chacun sa route, chacun son bonheur. 

Peace "
"Paris c'est cher. Paris c'est la folie. Paris c'est bondÃ©. ""Vivre dans un 15m2 non merci"". Je vois Ã©normÃ©ment de personne avoir la haine contre Paris, et c'est ok. Mais c'est pas du tout mon avis. C'est une ville pleine d'histoire, tu rencontres Ã©normÃ©ment de personne inspirante, tu as beaucoup de concept de restaurant et de bars que j'adore, chaque quartier est diffÃ©rent et quand tu as trouvÃ© celui qui te ressemble alors tu vis dans un mini village de personne qui sont vraiment comme toi. J'ai mis 4 ans Ã  trouver ma place Ã  Paris et Ã  vraiment aimer cette ville. LEs personne qui ne l'aime pas n'y ont simplement pas trouvÃ© leur place. C'est comme tout. Faut persister. ","ğŸ™ï¸ ""Paris c'est cher, c'est la folie.""

J'entends tellement ces critiques, et honnetement je les comprends.

Vivre dans un 15mÂ² ? C'est sur que ca donne pas envie. 

Mais, c'est comme tout, il faut aller au dela des clichÃ©s. 

â†’ Chaque rue raconte une histoire.
â†’ Tu fais des rencontres inspirantes
â†’ Tu as des concepts de restaurants uniques.
â†’ Chaque quartier a son charme propre.

Quand tu y trouves ta place, c'est comme un mini village 

Mais avec des gens vraiment diffÃ©rents. 

J'ai mis 4 ans Ã  vraiment aimer cette ville.

Ceux qui la critiquent n'ont simplement pas trouvÃ© leur place.

Paris, comme la vie, nÃ©cessite persÃ©vÃ©rance.

Donne-lui une chance. ğŸŒ¹"
"Les gens trouvent que les avocats sont chers. 

Alors que c'est faux, ils ne comprennent pas la valeur de ce que c'est de sortir d'une situation terrible qui nous fait souffrir. 

Et puis on donne 50-60% de ce qu'on gagne Ã  l'urssaf il ne faut pas l'oublier 

On fait des recherches juridiques. Il analyse des documents. Il crÃ©e une stratÃ©gieâ€¦

Tout Ã§a prend du temps. Et Ã§a a de la valeur.

Egalement on est parfois seul Ã  gÃ©rer la comptabilitÃ© etc ","ğŸ“œ ""Les avocats sont trop chers!"" Combien de fois je l'ai entendu?

Alors permettez-moi d'Ã©clairer certaines choses :

â†’ Quel est le prix d'une situation qui les Ã©crase?
â†’ Savez-vous que presque 60% de nos revenus partent Ã  l'URSSAF?

Pour chaque affaire :

â†’ Nous plongeons dans des recherches juridiques minutieuses.
â†’ Nous analysant des montagnes de documents.
â†’ Nous Ã©laborons une stratÃ©gie de dÃ©fense solide.

Ce n'est pas juste du temps, c'est de l'expertise. De la passion. 

De l'engagement.

Ajoutez Ã  cela :

â†’ La comptabilitÃ©
â†’ La gestion du cabinet
â†’ Et parfois la solitude de porter toutes ces casquettes.

Le tarif d'un avocat n'est pas juste une somme. 

C'est la valeur de la tranquillitÃ© d'esprit. 

C'est le coÃ»t de la justice. 

Et c'est le prix d'un combat Ã  vos cÃ´tÃ©s. âš–ï¸"
"La plupart des gens jouent un jeux de statut, ils veulent une belle montre, un beau costume, une belle voiture. Vous pouvez dire ce que vous voulez du style ""nan mais c'est ma passion"" il n'empÃ¨che que si l'intÃ©gralitÃ© de l'humanitÃ© disparaissait et que vous vous retrouviez seul sur terre, je suis sur que votre rolex garde toute sa valeur Ã  vos yeux. ","L'intÃ©gralitÃ© de l'humanitÃ© a disparu. 

Vous Ãªtes le dernier Ãªtre humain sur Terre.

Ma question est la suivante : 

â†’ Est-ce qu'une Rolex conserverait toujours sa valeur? 
â†’ Est-ce qu'un beau costume aurait encore de l'importance?

La plupart des gens sont engagÃ©s, souvent malgrÃ© eux, dans un jeu de statut perpÃ©tuel :

â†’ Une montre luxueuse pour impressionner.
â†’ Un vÃ©hicule dernier cri pour afficher une certaine image.
â†’ Des tenues vestimentaires pour marquer leur place dans la sociÃ©tÃ©.

ğŸ¤” Mais si nous retirons le regard des autres, que reste-t-il?

Il serait peut-Ãªtre tremps de questionner nos ""passions"" :

â†’ Sont elle vraiment des passions ? 
â†’ Ou sont-elles lÃ  pour satisfaire une norme sociale ?

C'est difficile comme exercice. 

Chercher ce qui nous rend vraiment heureux, au-delÃ  des statuts et des apparences.

Ce qui est sur : c'est que les jeux de statuts sont sans fin. "
"Je comprends pas les gens qui passent leur temps Ã  se plaindre des autres crÃ©ateurs linkedin. ""Bande de mytho!"" ""Experts Bullshit"" ""Freelance perdus qui savent pas quoi faire de leur vie""
C'est le signe de leur propre insÃ©curitÃ©Et le pire c'est qu'il sont en train de se crÃ©er une audience qui leur ressemble : des septiques
Ensemble ils vont crÃ©er une association des septiques de linkedin en fait ahah","""Bande de mytho!"" ""Experts Bullshit"" ""Freelance perdus...""

ğŸ¤·â€â™‚ï¸ J'arrÃªte pas de voir des commentaires nÃ©gatifs sur les crÃ©ateurs LinkedIn.

Si on fait un pas de cotÃ©, on se rend vite compte de leur vraie motivation :

ğŸš© Critiquer continuellement les autres, c'est souvent le reflet d'une insÃ©curitÃ©.

Ironiquement, ces critiques finissent par crÃ©er autour d'eux une audience qui leur ressemble : des sceptiques.

ğŸ¤” Et le pire ? C'est qu'ils vont finir par fonder le ""Club des Sceptiques de LinkedIn"" !

Au lieu de cela, pourquoi ne pas :

â†’ S'inspirer de ceux qui rÃ©ussissent.
â†’ Collaborer et apprendre ensemble.
â†’ Ou simplement encourager et soutenir les efforts des autres.

La nÃ©gativitÃ© est facile. 

La construction demande plus d'efforts, mais elle est tellement plus gratifiante.

ğŸŒŸ Alors, quelle Ã©nergie souhaitez-vous mettre en avant? La critique ou la crÃ©ativitÃ©?"
"Je suis le clichÃ© du bobo, dÃ©solÃ© pour ceux que ca dÃ©range

J'adore aller dans des cafÃ©s parisiens, faire des brunchs, boire des biÃ¨res en terrasse, manger bio, vÃ©gÃ©tarien, et acheter mes vetements en friperie 

J'irai meme plus loin, je suis le genre de type qui adore marcher pied nu et parler spiritualitÃ© tout en utilisant des mots comme ""leverage"" et ""scalabilitÃ©"" pour mon entreprise 

Je le dis car je trouve ca ouf qu'on reproche aux gens de vivre leur vie

Le bobo parisien est devenu l'ennemi n1, la raison de tout les soucis. 

les gars je viens d'une petite ville bretonne de 6000 habitants, 

Je connais les deux mondes, faut arreter de crois que y'en a un mieux que l'autre. ","Je suis le clichÃ© du bobo parisien. Et alors ? ğŸ¤·â€â™‚ï¸

Planning de mes journÃ©es : 

â˜• CafÃ©s parisiens
ğŸ» BiÃ¨res en terrasse
ğŸ§¥ Fripes pour mes tenues
ğŸ¥‘ Brunchs bio et vÃ©gÃ©tariens
ğŸ¦¶ Marcher pieds nus tout en parlant spiritualitÃ©
ğŸ’¼ PIRE : J'utilise des mots comme ""leverage"" et ""scalabilitÃ©"" pour mes business

J'en vois dÃ©jÃ  sauter au plafond et crier Ã  l'affreux clichÃ©â€¦ 

Moi, je dirais simplement que je vis ma vie.

Le ""bobo parisien"" est devenu le mouton noir, la cible toutes les critiques. 

Je sais que ca facilite tellement la reflexion les stÃ©rÃ©otypes. 

Sauf que derriÃ¨re chaque Ã©tiquette il y a une personne, une histoire diffÃ©rente. 

Petit dÃ©tail : je suis originaire d'une ville bretonne de 6 000 habitants. Yes, je connais la simplicitÃ© d'une vie loin des paillettes.

Il n'y a pas de monde ""meilleur"" que l'autre. Seulement des expÃ©riences diffÃ©rentes. 

Venez on apprend Ã  le cÃ©lÃ©brer plutÃ´t que de le pointer du doigt ?"
"Aligner son prix avec ceux du marchÃ© est la pire idÃ©e du monde

c'est un piÃ¨ge pour une vie anxieuse et stressante

Parce que tu auras ""juste"" ce qu'il faut pour survivre : c'est pas une vie 

Si on te juge sur ton prix c'est que ta valeur percue n'est pas assez grande 

C'est que tu es une commoditÃ© 

Alors pour augmenter ta valeur percue il y a ces 3 concepts que tu dois connaitre : 

1 - La valeur d'un solopreneur est liÃ© au nombre de ses contenus en ligne, plus tu en as et plus tu as de la valeur. Au XXem siÃ¨cle il fallait avoir des machine dans les usines, aujourd'hui il faut du contenu. 

2 - Une offre irresistible, un truc qui te diffÃ©rencie totalement des autres. Exemple : Je vous garantie que vous allez gagner 20K abonnÃ©s Linkedin avec mes services de ghostwriting, si ce n'est pas le cas je vous offre 2 mois gratuit. 

3 - Oser facturer cher pour avoir l'aisance de proposer un produit / service de qualitÃ© bien plus supÃ©rieur Ã  la concurrence. Si tu factures 10x plus cher que tes concurrents alors tu as 10x plus de moyen d'amÃ©liorer la qualitÃ© de ton produit / service. Cercle vertueux","Pourquoi s'aligner sur les prix des concurrents est une mauvaise idÃ©e ? 

Si ton prix est ton seul argument alors ta valeur perÃ§ue est trop basse :

â†’ Tu es dans la survie.
â†’ Ca t'empÃªche de te dÃ©velopper. 

Pour sortir de ce cercle infernal, arrÃªte de te considÃ©rer comme une simple commoditÃ©.

Voici 3 concepts clÃ©s pour augmenter ta valeur percue : 

Contenu Roi : au XIXÃ¨, on mesurait la valeur d'une entreprise Ã  ses machines. Aujourd'hui, c'est ton contenu en ligne. Plus tu en as, plus tu es prÃ©cieux. Le contenu est la nouvelle monnaie. ğŸ’»

Offre IrrÃ©sistible : Propose quelque chose d'unique avec une garantie si forte qu'il serait stupide de pas l'accepter. Par exemple : ""Gagnez 20K abonnÃ©s Linkedin avec mon ghostwriting, sinon 2 mois offerts.""ğŸš€

Oser le Haut de Gamme : Facture plus pour offrir plus. Si tu coÃ»tes 10x plus que tes concurrents, tu peux rÃ©investir pour Ãªtre 10x meilleur. C'est un cercle vertueux.

ArrÃªte de te voir comme une option parmi tant d'autres. 

Sois LA solution pour ton client."
"Jâ€™ai 30 ans et voici ce que je pensais avoir accompli Ã  cet Ã¢ge quand j'avais 20 ans mais que j'ai Ã©chouÃ© : 

- Trouver l'amour 
- Devenir millionnaire 
- Vivre des annÃ©es aux Etats-unis 
- Etre totalement fluent en anglais
- Ne plus avoir besoin de travailler
- Avoir Ã©tÃ© DJ et faire des tournÃ©es Ã  l'international 
- Emmener mes parents en vacances chaque annÃ©e ","Jâ€™ai 30 ans,

Et voici ce que je pensais avoir accompli Ã  cet Ã¢ge quand j'avais 20 ans, mais que j'ai Ã©chouÃ© : 

ğŸ”¸ Trouver l'amour : cette Ã¢me sÅ“ur qui serait le pilier de ma vie.
ğŸ”¸ Richesse : ÃŠtre millionnaire et autonome pour ne dÃ©pendre de personne
ğŸ”¸ Vivre aux USA : Vivre la Â« American Dream Â» pendant quelques.
ğŸ”¸ Polyglotte : Discuter en anglais sans jamais chercher mes mots.
ğŸ”¸ LibertÃ© Totale : Ne plus dÃ©pendre du travail, vivre de mes passions.
ğŸ”¸ DJ Star : Faire danser le monde, tourner Ã  l'international.
ğŸ”¸ Gratitude : Offrir Ã  mes parents des vacances chaque annÃ©e.

Ces ""Ã©checs"" ne sont pas des fins en soi, 

Mais plutÃ´t des rappels que mes rÃªves sont toujours en vie, toujours en cours, toujours atteignables.

J'ai 30 ans, et mes rÃªves ont 30 ans aussi. Ils mÃ»rissent, Ã©voluent. 

Mais surtout le plus important : les rÃªves sont des outils, pas des conditions au bonheur. 

Et vous, quels Ã©taient vos rÃªves Ã  20 ans ? 

Est-ce qu'ils ont changÃ© ? "
"Si je devais tout refaire sur LinkedIn, voilÃ  comment je m'y prendrais :

1) Concept des 100 meilleurs potes

Pendant 1 mois je commenterai 30 posts par jour, et je ferai au moins 2 visios par jour pour rencontrer les crÃ©ateurs avec qui j'interragis. C'est comme dans la vie, quand tu connais vraiment les gens tu passes devant tout le monde

2) Je me crÃ©erai une bibliotthÃ¨que des meilleurs posts que je vois passer dans linkedin, et je les catÃ©goriserai sur un notion grace Ã  l'extension Save to notion. De cette maniÃ¨re j'ai une source illimitÃ© d'inspiration et de modÃ¨le pour comprendre le copywriting

3) Je commencerai Ã  Ã©tablir les sujets sur lequels je souhaite prendre la parole en 3 catÃ©gories : Expertise, mes valeurs et ce que je vends. A partir de la j'Ã©crirais une liste de 20 idÃ©es de post par catÃ©gorie. Je crÃ©erai un planning de publicaiton rigoureux (exemple : lundi c'est valeur, mardi c'est expertise ...)

4) J'apprendrai Ã  utiliser l'IA pour donner mes idÃ©es de post, et qu'il les structure. A partir de la je peux faire une sorte de puzzle et apporter ma touche. 

5) Je crÃ©e une bibliothÃ¨que de photos selfie et programmation des posts 2 semaines en avance. Chaque jour je prendrais 30 min pour rÃ©pondre au commentaire.

6) Au plus vite, je crÃ©erai un format ""trust"" long, vers lequel je redirigerai les gens (ebook, article de blog, newsletter, podcast, vidÃ©o youtube...). Faire du bruit c'est bien, crÃ©er de la confiance c'est mieux. ","Si je devais tout refaire sur LinkedIn, voilÃ  comment je m'y prendrais :

âœ¨ 1. Les 100 meilleurs potes : Pendant un mois, je commenterais 30 posts chaque jour et je ferais 2 visios par jour pour vraiment connaÃ®tre les crÃ©ateurs avec qui j'interagis. C'est simple, quand tu connais vraiment les gens, tu te dÃ©marques direct.

ğŸ“˜ 2. Ma caverne d'Ali Baba : Je collectionnerais les meilleurs posts dans un Notion. GrÃ¢ce Ã  ""Save to Notion"", j'aurais un puits sans fin d'inspiration et de modÃ¨les pour choper les astuces de copywriting.

ğŸš€ 3. Mon trio gagnant : Je choisirais mes battles : Expertise, Valeurs, Ce que je vends. Avec 20 idÃ©es pour chaque, je me ferais un planning bien carrÃ© de publication (genre : Lundi = Valeur, Mardi = Expertise...).

ğŸ”§ 4. Mon coup de pouce IA : Je balancerais mes idÃ©es Ã  une IA pour qu'elle me ponde un premier jet. Ensuite, Ã  moi de jouer et de remixer tout Ã§a Ã  ma sauce.

ğŸ“· 5. Toujours prÃªt : Je me ferais une belle rÃ©serve de selfies. Avec les posts prÃ©parÃ©s 2 semaines avant, chaque jour je prendrais un petit moment pour rÃ©pondre aux coms.

ğŸ¤ 6. Mon atout maÃ®tre : TrÃ¨s vite, je lancerais un truc bien solide pour gagner la confiance (un ebook, un podcast, peu importe). Faire du bruit, c'est cool, mais crÃ©er du lien, c'est encore mieux.

Et toi, si tu devais repartir de zÃ©ro sur LinkedIn, tu ferais comment?"
"La plupart des crÃ©ateurs linkedin te diront que n'importe qui peut crÃ©er du contenu intÃ©rÃ©ssant

Je suis pas d'accord

Pour crÃ©er du contenu intÃ©rÃ©ssant, tu dois faire des choses intÃ©rÃ©ssantes

Pour moi la meilleur maniÃ¨re c'est d'avoir une double vie :

Entreprendre, tester des choses, lancer des business et a cotÃ© crÃ©er du contenu. 

A ce moment la ton quotidien deviendra une source inÃ©puisable de contenu, et tout ce que tu diras sera pertinent car tu le vivras rÃ©ellement

Sans parler de l'authenticitÃ© qui se ressent ","""Tout le monde peut crÃ©er du contenu intÃ©rÃ©ssant""

C'est faux et voici pourquoi :

â†’ Pour captiver, il faut vivre des choses captivantes.
â†’ Pour inspirer, il faut Ãªtre inspirÃ©.
â†’ Pour enseigner, il faut expÃ©rimenter.

Alors comment faire ? 

Comme James Bond, avoir une double vie :

â†’ Entreprendre, innover, expÃ©rimenter. 
â†’ Partager ces expÃ©riences, en crÃ©er du contenu.

Avec cette double vie, chaque jour devient une source d'inspiration.

Quoi que tu vives (succÃ¨s ou echec), devient un contenu intÃ©rÃ©ssant et authentique Ã  partager. 

C'est cette authenticitÃ© qui retient l'attention, car elle est vÃ©cue, palpable, rÃ©elle.

Ne soyez pas seulement un narrateur. 

Soyez le hÃ©ro de votre propre histoire."
"Sur Linkedin faut pas dire que tu te rÃ©veil Ã  6h30 pour courir, lire, etc

J'Ã©tais de cette team. J'arrivais pas Ã  me coucher avant 00h sans avoir regardÃ© mon film. 

RÃ©sultat : Je me levais Ã  9h, j'Ã©tais crevÃ©, et je bossais tard pour compenser. 

Impossible de trouver un moment pour faire du sport, ou pour ma sentÃ© mentale. 

Et puis j'ai lu Naval Ravikant et Miracle morning. 

Le premier dit ""Le monde peut mourir demain, la premiÃ¨re chose que je ferai c'est ma gym, lire et mÃ©diter"". 

Le second explique que les pensÃ©es de la veille sont les pensÃ©es du matin. 

Si tu t'endors en sachant que ta matinÃ©e va etre gÃ©niale, alors tu te leves hyper facilement 

Exemple : au collÃ¨ge on Ã©tait hyper content de se lever Ã  5h du matin pour partir en voyage en car. 

Ca fait 6 mois que je me leve entre 6h30 et 7h. 

Je recommande Ã  ceux qui veulent se faire passer en prioritÃ©. 

Ton entreprise peut mourir demain. 

Pas toi. ","Mes soirÃ©es se terminaient souvent Ã  minuit aprÃ¨s mon film. 

Le matin ? Un rÃ©veil Ã  9h, les yeux bouffis, le cerveau en mode tortue.

Le sport ? Ã€ peine le temps. Ma santÃ© mentale ? Lol.

Puis, 2 bouquins ont chamboulÃ© ma vision :

1ï¸âƒ£ Naval Ravikant avec sa phrase culte : ""Le monde peut mourir demain, ma journÃ©e dÃ©buterait par un peu de gym, de lecture et de mÃ©ditation.""
2ï¸âƒ£ ""Miracle Morning"", qui m'a fait rÃ©aliser que notre humeur du matin est influencÃ©e par nos pensÃ©es de la veille.

Ce qui m'a fait tilt : 

Souviens-toi de ces matins de collÃ¨ge, qunad t'Ã©tais surexitÃ© de partir en voyage Ã  4h du matin en car.

C'Ã©tait Ã§a que je voulais retrouver.

RÃ©sultat ? 

Depuis 6 mois, je me rÃ©veille entre 6h30 et 7h, l'esprit lÃ©ger et le cÅ“ur battant.

Si tu te reconnais dans mes mots, un conseil : mets-toi au centre. 

Ton boulot, aussi chouette soit-il, ce n'est pas toi. Il pourrait s'arrÃªter demain. 

Mais toi ? Tu continues."
"80% du succÃ¨s d'un post Linkedin vient de l'accroche. Voici un template pour la rÃ©ussir :

Il s'agit du gap d'information. 

Commence par parler d'une situation A. Puis de C. En ometant exprÃ¨s de faire le lien. 

Exemple : 

J'ai commencÃ© Linkedin avec 2 likes par post. 

Aujourd'hui j'en ai 50 par publication. 

Voici comment j'ai fais : 

Tu peux aussi parler de la situation A puis B, sans parler de C. 

Exemple :

En 2022 j'avais 2 likes par post Linkedin. 

Puis j'ai commencÃ© Ã  commenter 30 posts par jour. 

Voici les rÃ©sultats : ","80% du succÃ¨s de ton post LinkedIn vient de l'accroche. 

Voici une mÃ©thode pour la rÃ©ussir : Le gap d'information. 

Le concept est simple :

ğŸ…°ï¸ Tu commences par une situation A.
ğŸ…±ï¸ Ensuite, saute directement Ã  la situation C, sans expliquer le lien entre les deux.

Par exemple :

""Il y a 1 an je me battais pour avoir 2 likes sur LinkedIn.
Aujourd'hui? 50 likes par post. VoilÃ  comment j'ai procÃ©dÃ©...""

Ou, variante :

ğŸ…°ï¸ PrÃ©sente la situation A.
ğŸ…±ï¸ Puis la situation B.
Mais ne dÃ©voile pas (tout de suite) la situation C.

Comme ceci :

""En 2022, c'Ã©tait la fÃªte si j'obtenais 2 likes sur un post LinkedIn.
Puis, j'ai dÃ©cidÃ© de commenter 30 publications chaque jour.
Et voici les rÃ©sultats incroyables de cette simple action...""

Ce manque d'information crÃ©e un mystÃ¨re,

Ton audience se pose des questions et veut naturellement en savoir plus.

Parfois c'est pas ton contenu qui n'est pas intÃ©rÃ©ssant, 

C'est la maniÃ¨re de le teaser. 

D'autres techniques Ã  recommander pour amÃ©liorer ses accroches ? 
"
"J'ai consacrÃ© 1h par jour Ã  la rÃ©daction de mes posts Linkedin pendant 1 an. 

Aujourd'hui j'y consacre 20 min max. 

Voici comment : 

Quand tu commences tu trouves tes posts affreux, 

Et ils ne gÃ©nÃ¨re aucun engagement. 

J'ai alors lu une dizaine de livre sur le copywriting des meilleurs crÃ©ateurs US. 

Mes posts se sont amÃ©liorÃ©s, mais je mettais toujours autant de temps :

Trouver la bonne formulation, la bonne maniÃ¨re de dire les choses, la bonne accroche

Et puis je suis tombÃ© sur cette phrase de Naval Ravikant : 

Je veux etre payÃ© pour mon jugement, pas pour mon travail. 

Depuis j'utilise tout une panoplie d'outil basÃ©e sur l'intelligence artificielle. 

MagicPost, redac.ai et chatgpt. 

Je rÃ©diges mes idÃ©es, ,puis je laisse les 2 premiers me proposer des idÃ©es. 

Je prends les meilleurs parties et je commence Ã  faire mon puzzle. 

Puis je vais dans chatgpt et j'utlise mes prompts pour amÃ©liorer l'accroche et la conclusion. 

J'Ã©cris plus mes posts. 

Je swipe jusqu'a trouver la meilleure maniÃ¨re de dire ce que j'ai Ã  dire. 

C'est ca le futur de la crÃ©ation de contenu. ","J'ai consacrÃ© 1h par jour Ã  la rÃ©daction de mes posts Linkedin pendant 1 an. 

Aujourd'hui ? 20 minutes max. 

Mon retours d'expÃ©rience : 

1 - Les dÃ©buts
Mes premiers posts? Ils Ã©taient affreux. J'Ã©tais jamais satisfait. J'avais zÃ©ro engagement. 

2 - La quÃªte de connaissance
J'ai alors plongÃ© dans des livres de copywriting de crÃ©ateurs aux US, je voulais apprendre des meilleurs. 

3 - Le dÃ©clic
Puis une citation de Naval Ravikant m'a retournÃ© : ""Je veux Ãªtre payÃ© pour mon jugement, pas pour mon travail"".

4 - L'alliÃ© technologique
Je me suis donc entourÃ© d'outil d'AI tels que MagicPost, redac.ai, et ChatGPT. Pas des remplaÃ§ants, mais des coÃ©quipiers.

5 - Ma mÃ©thode actuelle
Je ne ""compose"" plus mes posts, je les faÃ§onne. L'IA propose, j'affine, jusqu'Ã  trouver la bonne formule. 

La crÃ©ation de contenu Ã©volue. 

Et vous, oÃ¹ en Ãªtes-vous dans cette Ã©volution ?"
"L'accroche de ton post Linkedin est l'Ã©lement le plus important. 

Ca me prenait facilement 15 min pour trouver la bonne. 

Et j'Ã©tais pas 100% satisfait. 

Aujourd'hui j'ai appris Ã  chatgpt tout ce que j'ai appris dans mes formations US, et je lui copie colle mon post brouillon. 

Il me sort en 3 secondes 10 accroches parfaites, prÃªte Ã  l'emploi. 

J'ai plus qu'a choisir celle qui m'interpelle le plus. 

Travaille moins. 

Fais de meilleurs jugement. ","Avant, je me battais 15 minutes faire l'accroche de mon post Linkedin.

Aujourd'hui 3 secondes suffisent. 

VoilÃ  comment :

Quand j'ai commencÃ© sur LinkedIn, c'Ã©tait une bataille. 

Surtout pour trouver cette premiÃ¨re phrase, celle qui capte instantanÃ©ment l'attention. 

Souvent, mÃªme aprÃ¨s 15 minutes, je restais perplexe.

Puis, j'ai dÃ©cidÃ© d'apprendre Ã  ChatGPT tout ce que j'avais appris de mes formations US. DÃ©sormais, je lui donne mon post en mode brouillon. 

Il me rÃ©pond en 5 secondes 10 accroches adaptÃ©es.

Il ne me reste plus qu'Ã  en choisir une, celle que je ressens le plus. 

Pourqoi travailler plus ? 

Il suffit de faire de meilleurs choix."
"J'ai jamais eu de bonne notes.

Sur mes bulletins j'Ã©tais le gars moyen avec des capacitÃ©s. 

La vÃ©ritÃ© c'est que j'avais pas la responsabilitÃ© de ce qu'on me demandait. 

Ne pas faire ses exercices = je m'en sortais en recopiant vite fait avant le cours
Ne pas rÃ©viser = gratter quelques infos auprÃ¨s de son voisin

Avec les quelques notions dont je me rappelais, ca suffisait pour survivre. 

Avec l'entrepreneuriat c'est diffÃ©rent : 

Ne pas vendre = Ne pas pouvoir manger
Ne pas progresser = garder le mÃªme pouvoir d'achat 

Avoir la responsabilitÃ© de mes actions a changÃ© ma vie. 

Je pensais Ãªtre flemmard, 

J'avais juste besoin d'augmenter la difficultÃ©. 

Tu veux lancer un nouveau projet mais tu doutes de toi ? 

Annonce le publiquement. 
Quitte ton taff. 

La meilleure maniÃ¨re d'apprendre Ã  nager c'est de sauter. ","Ã€ l'Ã©cole, mon bulletin criait ""moyen, mais pourrait faire mieux"". 

Les bonnes notes ? 

Pas pour moi. 

La vÃ©ritÃ©, c'est que je n'avais pas la responsabilitÃ© de mon apprentissage.

â†’ Ne pas faire ses exercices ? Je recopie en vitesse avant le cours.
â†’ Ne pas rÃ©viser ? Quelques infos grattÃ©es chez le voisin feront l'affaire.

Et Ã§a marchait. Enfin, Ã§a ""suffisait"".

Puis est venu l'entrepreneuriat :

â†’ Ne pas vendre ? Manger des pates. 
â†’ Ne pas Ã©voluer ? Garder le mÃªme train de vie, annÃ©e aprÃ¨s annÃ©e.

Avoir la responsabilitÃ© de mes actions a changÃ© ma vie. 

Je croyais Ãªtre paresseux.

En rÃ©alitÃ©, j'avais juste besoin d'avoir un plus grand dÃ©fi. 

Tu veux lancer un nouveau projet mais tu doutes de toi ? 

â†’ Annonce le publiquement. 
â†’ Quitte ton taff. 

La meilleure maniÃ¨re d'apprendre Ã  nager c'est de sauter. 

Yallah"
"Hugo dÃ©crypte crÃ©e sa chaine youtube en 2015

2 ans plus tard il interview Emanuel macron pour la premiere fois

Aucun mÃ©dia traditionnel ne lui aurait permis d'avoir cette ascension fulgurante

Il y est allÃ©, sans attendre de permission. 

Avec comme seule alliÃ© sa vision, et beaucoup de travail. 

C'est le type d'histoire que j'aime dans la creator economy ","â†’ En 2015, Hugo DÃ©crypte lance sa chaÃ®ne YouTube.

â†’ 2017? Il interviewe Emmanuel Macron.

LÃ  oÃ¹ la plupart des mÃ©dias traditionnels auraient mis des annÃ©es, lui, il l'a fait en 2.

Pas de feu vert attendu. 

Pas de permissions.

Juste une vision claire et une Ã©thique de travail hors norme.

VoilÃ  ce qui me fascine dans la creator economy.

Des passionnÃ©s, des rÃªves et des rÃ©sultats inattendus.

Toi aussi, prends ton envol, ne demande pas la permission. ğŸš€"
"La premiÃ¨re fois ou j'ai appris que j'allais devoir aller au maroc pour faire mes Ã©tudes j'ai failli pleurer

J'ai tapÃ© Maroc sur Google image et je suis tombÃ© sur une famille pauvre sur un ane

8 ans aprÃ¨s, quasiment jour pour jour je fete les 30 ans d'un de mes meilleurs amis,

Il est marocain, 

Je l'ai rencontrÃ© comme la plupart de ma bande de pote suite Ã  cette expÃ©rience

Parfois la vie te donne tes feux rouges

Mais en fait tu le sais pas encore mais c'est des feux verts

Si ton business s'arrete c'est qu'il y a mieux Ã  faire
Si ton client te quitte c'est que tu dois en changer
Si tes contenus ne marchent pas c'est que tu dois changer

Il y a des roses partout pour ceux qui font l'effort de bien regarder ","Je me souviens avoir failli pleurer.

Quand j'ai appris que mes Ã©tudes m'emmenaient au Maroc, j'ai tapÃ© ""Maroc"" sur Google. Une image d'une famille pauvre sur un Ã¢ne m'est apparue. J'Ã©tais anÃ©anti.

8 ans plus tard, exactement jour pour jour, je trinque Ã  l'anniversaire de l'un de mes meilleurs amis. Marocain.

Cette expÃ©rience m'a offert des amis Ã  la valeur inestimable.

La vie a cette drÃ´le de maniÃ¨re de te montrer des feux rouges qui, avec du recul, se rÃ©vÃ¨lent Ãªtre des feux verts.ğŸš¦

ğŸ”¹ Ton business s'arrÃªte? Une meilleure opportunitÃ© t'attend.
ğŸ”¹ Un client te quitte? C'Ã©tait pas la meilleure cible
ğŸ”¹ Tes contenus ne marchent pas ? Un autre format te correspond

Comme on dit, 

Il y a des roses partout pour ceux qui font l'effort de bien regarder."
"J'ai redoublÃ© ma 1Ã¨re 
J'ai Ã©tÃ© virÃ© de 2 lycÃ©es sur 3
J'ai terminÃ© en filiÃ¨re technologique
J'ai eu 2 conseils de discipline en Ã©cole de commerce
J'ai terminÃ© avant dernier de cette mÃªme Ã©cole de commerce
J'ai fini au prud'hommes avec une boite de nuit lors d'un travail saisonnier

J'ai portÃ© ces Ã©checs comme un fardeau pendant plusieurs annÃ©es

Et puis j'ai Ã©tÃ© pris Ã  HEC pour un court programme,

J'ai rencontrÃ© un de mes meilleurs amis, 

Je suis devenu freelance, 

J'ai bossÃ© pour Google, 

Pour Shopify,

Puis je suis devenu entrepreneur.

Aujourd'hui je me rends compte que ces expÃ©riences n'Ã©taient pas des echecs, 

C'Ã©tais des signaux de la vie vers la direction Ã  prendre","Voici une liste que je n'aurai jamais pensÃ© partager sur Linkedin.

ğŸ”´ J'ai redoublÃ© ma 1Ã¨re.
ğŸ”´ VirÃ© de 2 des 3 lycÃ©es que j'ai frÃ©quentÃ©s.
ğŸ”´ Fini en filiÃ¨re techno, loin de la voie ""traditionnelle"".
ğŸ”´ SurvÃ©cu Ã  2 conseils de discipline en Ã©cole de commerce.
ğŸ”´ TerminÃ© avant-dernier de ma promo.
ğŸ”´ ConfrontÃ© Ã  des prud'hommes pour un job d'Ã©tÃ©.

Ces ""Ã©checs"" m'ont pesÃ©, longtemps. Des fardeaux que j'ai traÃ®nÃ©s.

Mais la vie a ses rebondissements imprÃ©visibles.

âœ… IntÃ©grÃ© HEC pour un programme intensif.
âœ… RencontrÃ© un de mes piliers, un ami indÃ©fectible.
âœ… SautÃ© dans le grand bain du freelancing.
âœ… CollaborÃ© avec des gÃ©ants : Google, Shopify.
âœ… Puis, j'ai embrassÃ© mon rÃ´le d'entrepreneur.

Ces ""erreurs"" du passÃ©? Ce n'Ã©taient pas des Ã©checs. Ce sont des flÃ¨ches pointant vers le bon chemin.

Souvent, ce qu'on voit comme des dÃ©routes sont en rÃ©alitÃ© des dÃ©tours vers notre vÃ©ritable destin."
"Pendant longtemps j'ai eu honte de mes racines

Je viens d'un village breton de 6000 habitants
Mon pÃ¨re est fonctionnaire
Ma mÃ¨re est assistante immobiliÃ¨re 

Quand je suis ""montÃ©"" Ã  rennes, j'avais honte d'habiter au milieu des vaches

Et puis je suis parti au maroc

J'ai commencÃ© Ã  faire de l'argent par moi mÃªme 

J'ai achetÃ© 1 appart, puis 2. A 24 ans. 

J'ai voyagÃ© dans le monde.","C'Ã©tait un secret bien gardÃ©.

Pendant longtemps j'ai eu honte de mes racines.

â†’ Je viens d'un village breton de 6000 habitants.
â†’ Ma mÃ¨re assistante dans l'immobilier.
â†’ Mon pÃ¨re est fonctionnaire.

Quand j'ai quittÃ© mon hameau pour Rennes, j'avais honte. Honte de mes origines ""rurales"", des prÃ©jugÃ©s que cela pouvait crÃ©er, du regard des autres.

Puis, je suis parti au Maroc. 

Un pays Ã  la culture opposÃ©, avec des rÃ©fÃ©rentiels diffÃ©rents. 

Ã€ 24 ans, deux appartements Ã©taient Ã  mon nom. Mon monde s'Ã©tait agrandi, des horizons diffÃ©rents, des cultures variÃ©es.

Ce que j'ai appris ? 

â†’ L'importance de nos racines. 
â†’ Elles ne dÃ©finissent pas notre destination, mais elles faÃ§onnent notre parcours.

Mes racines, je les porte aujourd'hui comme une mÃ©daille d'honneur. 

Parce qu'elles m'ont rappelÃ© Ã  chaque Ã©tape que, peu importe d'oÃ¹ l'on vient, c'est la direction que l'on choisit qui compte le plus."
"Ton profil linkedin c'est ta page de vente. 

Voici comment l'AB tester : 

CrÃ©e un tableau de suivi avec une colonne ""test"", une colonne ""RÃ©sultats"" et une autre ""Commentaire""

D'une semaine Ã  l'autre, selon la quantitÃ© contenu publiÃ© , lance un test 

Voici les choses que tu dois tester, dans l'ordre : 

- Ta photo de profil et ta headline
- Ta banniÃ¨re 
- Ta bio 
- Tes CTA 

A chaque Ã©tape du funnel, analyse les bons indicateurs : 

- taux de clic (vu de profil divisÃ© par impression)
- Taux de conversion (ex : inscription newsletter) / vue de profil ","Ton profil linkedin c'est ta page de vente. 

Et comme toute bonne page de vente, elle se doit d'Ãªtre optimisÃ©e rÃ©guliÃ¨rement.

Comment mener un AB Testing efficace? Suis le guide :

1ï¸âƒ£ PrÃ©pare votre tableau de suivi avec ces colonnes :

â†’ Test
â†’ RÃ©sultats
â†’ Commentaire

2ï¸âƒ£ DÃ©finis une pÃ©riode de test - idÃ©alement une semaine, ajustable selon la frÃ©quence de votre contenu.

3ï¸âƒ£ Liste des Ã©lÃ©ments Ã  tester, par ordre de prioritÃ© :

â†’ Photo de profil & headline
â†’ BanniÃ¨re
â†’ Bio
â†’ Appels Ã  l'action (CTA)

4ï¸âƒ£ Analyse des indicateurs clÃ©s Ã  chaque Ã©tape du tunnel :

â†’ Taux de clics : (nombre de vues de profil / nombre d'impressions)
â†’ Taux de conversion : (ex: inscriptions Ã  la newsletter / vues de profil)
â†’ Le but? Optimiser votre profil pour attirer et convertir efficacement vos visiteurs.

Ton profil linkedin c'est la clÃ©, 

Tu n'es qu'a une opportunitÃ© du contrat de l'annÃ©e."
"Petit rappel pour toutes les personnes qui crÃ©e du contenu sur linkedin 

Activez le mode crÃ©ateur : 

Pourquoi lâ€™activer ? 

Followers
CTA sous la photo de profil
Contenus mis en avant 
+ facile pour dÃ©velopper son audience

Comment lâ€™activer ?

Via le profil
DÃ©terminer les sujets de prÃ©dilections # (qui existent dÃ©jÃ  de prÃ©fÃ©rence)
Adapter ses sujets selon les cibles ","Petit rappel Ã  tous les crÃ©ateurs de contenu sur Linkedin :

Activez le mode crÃ©ateur! Mais pourquoi ? ğŸ¤”

âœ¨ Gagnez plus de followers - Augmentez votre cercle d'influence d'un simple clic.
âœ¨ CTA sous votre photo de profil - Un outil puissant pour diriger vos visiteurs vers votre action dÃ©sirÃ©e.
âœ¨ Mise en avant de vos contenus - Vos publications gagnent une visibilitÃ© maximale, se dÃ©marquant dans la foule.
âœ¨ DÃ©veloppez votre audience facilement - Attirez plus de personnes qui s'intÃ©ressent vraiment Ã  ce que vous avez Ã  dire.

Comment faire? C'est simple :

ğŸ”¹ Via votre profil - Rendez-vous dans les paramÃ¨tres et activez-le sans plus attendre.
ğŸ”¹ DÃ©finissez vos sujets de prÃ©dilection - Optez pour des hashtags populaires pour gagner en visibilitÃ©.
ğŸ”¹ Adaptez vos sujets Ã  votre audience - CrÃ©ez du contenu en phase avec ce que vos followers veulent vraiment voir.

Ne ratez pas cette occasion d'amplifier votre voix et d'atteindre vos objectifs sur Linkedin."
"On parle pas assez du content market fit

Pourtant son cousin, le product market fit est connu

Le Content market fit c'est quand tu lances un concept de contenu sur un canal spÃ©cifique et que tu ressens directement le potentiel 

Pour ca il faut tester, itÃ©rer de nombreuse fois

Jean charles kurdali l'a ressenti avec son podcats ""dans la tete d'un vc""

RÃ©sultat ? 

1er podcast francais sur le sujet en terme d'Ã©coute en seulement 6 mois

C'est pas le travail qui paie, 

C'ets le bon jugement 

Et ca passe prr des remises en questions","""Content Market Fit"" ğŸ“

Il est moins connu que son cÃ©lÃ¨bre cousin ""Product Market Fit"".

Pourtant, c'est une notion indispensable dans l'univers des crÃ©ateurs.

Le Content Market Fit c'est quand tu lances un concept, sur un canal prÃ©cis.

Et que tu ressens IMMÃ‰DIATEMENT le potentiel.

- Ta visibilitÃ© explose
- Tu ressens un rÃ©el intÃ©ret de l'audience

Le souci ?

C'est qu'il ne se dÃ©couvre pas du premier coup.

Il nÃ©cessite tests, itÃ©rations et persÃ©vÃ©rance.

Prenons Jean-Charles Kurdali et son podcast ""Dans la tÃªte d'un VC"".

Il est l'exemple parfait du Content Market fit : 

ğŸš€ 1er podcast franÃ§ais sur le sujet.
ğŸ§ Record d'Ã©coutes en seulement 6 mois.

Ce n'est pas simplement le travail acharnÃ© qui paie.

C'est la perspicacitÃ©, le bon jugement.

Ce qui nous ramÃ¨ne Ã  une notion clÃ© : la remise en question.

Chercher constamment le ""Content Market Fit"" nous oblige Ã  repenser, rÃ©ajuster et s'adapter.

Et c'est Ã§a, la beautÃ© de la crÃ©ation."
"Un secret bien gardÃ© des nouveaux crÃ©ateurs linkedin qui sortent des nuls part c'est qu'ils viennent de rejoindre une formation e ligne qui a un pod avec de nombreux utilisateurs

Je dis pas que c'est mal, je les utilise parfois

Mais si t'es seul, sans formation en ligne, et que tu te demandes pourquoi tes posts ne dÃ©passent pas les 20 likes alors que d'autres en sont Ã  70 likes pour des posts claquÃ©s rappelle toi de ca

Autant on peut tricher sur l'engagement, par contre on peut pas sur les ventes ","DÃ©solÃ©, je vais trahir un secret bien gardÃ©. 

Pourquoi certains nouveaux sur LinkedIn explosent dÃ¨s leur premiÃ¨re publication :

Certains rejoignent des formations en ligne. Ces formation proposent des ""pods"".

Ces pods boostent l'engagement de leurs membres.

Je critique pas, j'ai moi-mÃªme testÃ©.

Mais si vous Ãªtes lÃ , seul, sans backup, Ã  vous demander pourquoi vous stagnez...

Gardez ceci en tÃªte :

ğŸ”¹ Les likes peuvent Ãªtre gonflÃ©s.
ğŸ”¹ L'engagement peut Ãªtre manipulÃ©.
ğŸ”¹ Les commentaires peuvent Ãªtre faussÃ©s.

Mais :

âœ… Les ventes rÃ©elles ne mentent pas.
âœ… Les contrats signÃ©s parlent d'eux-mÃªmes.
âœ… Les relations authentiques valent tout l'or du monde.

MoralitÃ© : 

La vÃ©ritable valeur, c'est ce que vous apportez.

Ne vous laissez pas berner par la course aux likes."
"la clÃ© c'est la valeur percue

Voici le hack pour  l'augmenter : se spÃ©cialiser

C'est le mÃªme principe que d'aller chez un spÃ©cialiste du genou quand on a mal au genou

On se dit qu'il sera plsu a meme de nosu conseiller 

Tu peux te concentrer sur la crÃ©ation de contenu Ã  forte valeur ajoutÃ©e sur une seule thÃ©matique

Tu vas donc plus loin

Et ta communication ets plus claire

Dans un marchÃ© traditionnel se spÃ©cialiser signifie perdre des parts de marchÃ©

Sur internet c'est l'inverse","Quand tu as mal au genou, oÃ¹ vas-tu? Chez un spÃ©cialiste du genou. 

Pourquoi? Parce qu'on est convaincus qu'il connaÃ®t SON sujet mieux que personne.

Alors, comment appliques-tu cette logique Ã  ton business?

Se spÃ©cialiser. ğŸ¯

En ligne, le jeu change de la vie rÃ©elle :

ğŸ”¹ Concentre-toi sur un contenu de qualitÃ©, mais pour UNE seule thÃ©matique.
ğŸ”¹ Creuse ce sujet plus profondÃ©ment que n'importe qui. 
ğŸ”¹ Sois clair dans ta communication. 0 ambiguÃ¯tÃ©.

LÃ  oÃ¹, dans un marchÃ© classique, se spÃ©cialiser peut signifier perdre des clients... 

En ligne? 

C'est tout le contraire."
"La crÃ©ation de contenu est un ascenseur social 

C'est ce qui m'a permis de rencontrer des gens comme JCK, Juliette Cadot, Laurine Bemer ou encore Kevin Durfraise. 

JCK m'expliquait mÃªme dans mon podcast que 80% de ses proches avaient Ã©tÃ© rencontrÃ©s par ce biais. 

Tu peux littÃ©ralement crÃ©er ta tribu. 

En les choisissant. ","Avant c'Ã©tait l'Ã©ducation qui Ã©tait le grand ascenseur social. 

Aujourd'hui, j'y ajouterais la crÃ©ation de contenu. ğŸš€

GrÃ¢ce Ã  elle, ma vie a Ã©tÃ© marquÃ©e par des rencontres exceptionnelles :

- JCK, un puits de sagesse et d'innovation
- Juliette Cadot, une source d'inspiration continue
- Laurine Bemer, l'Ã©toile montante Ã  suivre
- Kevin Durfraise, le visionnaire du digital.

J'avais 0% de chance de croiser ces personnes dans la vie. 

Lors d'un Ã©pisode de mon podcast, JCK m'a mÃªme rÃ©vÃ©lÃ© que 80% des personnes prÃ©cieuses dans sa vie ont Ã©tÃ© rencontrÃ©es grÃ¢ce Ã  son contenu.

Pensez-y. 

La crÃ©ation de contenu vous donne le pouvoir non seulement de toucher des milliers de personnes, 

Mais aussi de CHOISIR celles avec lesquelles vous souhaitez crÃ©er des amitiÃ©s.

CrÃ©ez. 

Partagez. Connectez. 

Construisez votre propre tribu."
"Marc a 1.5M d'abonnÃ©s sur Tiktok. 

Je lui ai demandÃ© comment il a fait pour en arriver la. 

Il m'a rÃ©pondu que ca faisait dÃ©jÃ  2 ans qu'il charbonnait sur youtube sans rÃ©sultat. 

Qu'il lui restait 2 mois de chomage. Qu'il etait pret Ã  tout lacher. 

Mais que dans un dernier effort, il s'est lancÃ© sur Tiktok. 

Sa 1Ã¨re vidÃ©o Ã  fait 10K vues. 

Sa 2scd 100K. 

Sa 3em 1M. 

MoralitÃ© ? 

Tu n'es pas nul. 

Tu n'as peut etre pas encore trouvÃ© ton ""content market fit"".

Persevere ! ","J'ai un ami, Marc. Il cumule aujourd'hui 1,5M d'abonnÃ©s sur Tiktok.ğŸš€

Quand je lui ai demandÃ© son secret, voilÃ  ce qu'il m'a dit :

- Avant ce succÃ¨s, j'ai galÃ©rÃ© pendant 2 ans sur YouTube, 0 rÃ©sultat. 
- J'Ã©tais Ã©puisÃ©, dÃ©couragÃ©. Il ne me restait que 2 mois de chÃ´mage. 

Mais Marc, dans un Ã©lan d'espoir, a dÃ©cidÃ© d'essayer Tiktok.

ğŸ”¸ 1Ã¨re vidÃ©o : 10K vues.
ğŸ”¸ 2Ã¨me vidÃ©o : 100K vues.
ğŸ”¸ 3Ã¨me vidÃ©o : 1M vues.

Ce n'Ã©tait pas une question de talent ou de valeur. 

Marc a simplement trouvÃ© lÃ  oÃ¹ son contenu rÃ©sonnait le mieux.

La leÃ§on Ã  retenir :

Ne doutez jamais de vous. 

Peut-Ãªtre que vous n'avez pas encore trouvÃ© l'endroit oÃ¹ votre contenu brille le plus. 

N'abandonnez pas. Trouvez votre ""content market fit"". 

PersevÃ©rez.ğŸ”¥"
"Des avocats se lancÃ© sur Onlyfan
Des crÃ©ateurs cartonner en parlant de coke sur linkedin
J'ai vu des gens gagner des millions avec des cartes pokemon

Tous allaient Ã  contre courant de ce qu'on leur conseillait de faire

Tous on Ã©tÃ© pris pour des fous

Jusqu'au jour ou la situation s'est inversÃ©, et que les mÃªmes ont dit ""j'ai toujours cru en lui""

Il n'y a pas de regle dans l'entrepreneuriat 

Il n'y a que des handicapÃ©s incompris qui deviennent parfois des gÃ©nies ","ğŸ”¸ Des avocats sur OnlyFans.
ğŸ”¸ Des crÃ©ateurs de contenu sur LinkedIn abordant sans tabou l'adiction aux drogues.
ğŸ”¸ Des passionnÃ©s devenant millionnaires grÃ¢ce Ã  des cartes PokÃ©mon.

Toutes ces personnes ont un point commun : elles ont osÃ© prendre des routes non conventionnelles, malgrÃ© les critiques.

Elles ont Ã©tÃ© moquÃ©es, jugÃ©es, voire ridiculisÃ©es. 

Et pourtant...

Un beau jour, le vent a tournÃ©. 

Les critiques sont devenus des ""FÃ©licitations bro"".

Ils lachent sans pression des : ""J'ai toujours cru en toi, on se prend un verre ?""

La rÃ©alitÃ© : L'entrepreneuriat ne suit pas un chemin tout tracÃ©. Il n'y a pas de rÃ¨gle d'or. 

Parfois, ce sont ceux qui sont vus comme des ""handicapÃ©s"" par la norme qui au final se rÃ©vÃ¨lent Ãªtre des gÃ©nies.

Osez, expÃ©rimentez, croyez en vous, mÃªme si personne ne le fait. 

L'histoire est pleine de ""fous"" qui ont changÃ© le monde."
"Je poste sur Linkedin depuis 15 mois et j'en ai fais des erreurs. 

J'ai rÃ©alisÃ© la plus grande dans mon podcast avec Juliette et Melissa : 

Ne pas avoir de stratÃ©gie. 

""Si tu n'as pas d'objectif t'Ã©tonne pas de ne pas les atteindre"". 

J'ai pris note. 

Et aujourd'hui j'ai dÃ©terminÃ© mon objectif : 

Faire connaitre mon podcast. 

Pour avoir le mÃªme dÃ©clic, 

L'Ã©pisode de Juliette et de MÃ©lissa sont en commentaire ","Je poste sur Linkedin depuis 15 mois, et j'en ai fait des erreurs. 

Mais s'il y a une qui se dÃ©tache du lot, c'est celle-ci :

â†’ Ne pas avoir de stratÃ©gie claire.

C'est dans mon podcast avec Juliette et Melissa. 

Elle m'ont balancÃ© : ""Si tu n'as pas d'objectif, ne t'Ã©tonne pas de ne pas les atteindre"". 

Outch. 

Cette phrase m'a fouettÃ© le visage. 

ğŸ¯ Alors aujourd'hui, je crie mon objectif haut et fort : Faire connaÃ®tre mon podcast au plus grand nombre.

Je vous invite Ã  dÃ©couvrir l'Ã©pisode oÃ¹ Juliette et Melissa partagent des conseils prÃ©cieux qui m'ont aidÃ© Ã  redÃ©finir ma stratÃ©gie. 

Vous le trouverez dans les commentaires.

Faites-moi savoir ce que vous en pensez et n'hÃ©sitez pas Ã  partager le podcast si cela rÃ©sonne avec vous !
"
"Ce weekend j'Ã©tais Ã  un anniversaire

C'Ã©tait gÃ©nial mais je n'arrivais pas Ã  m'enlever cette idÃ©e de la tete

Je voulais travailler

C'est pas comme si j'Ã©tais contraint, tout va bien, j'ai pas de retard etc

Mais sincÃ¨rement, j'avais envie que d'une chose c'est d'Ãªtre dans un endroit calme avec la wifi pour bosser

Car j'adore ca; ca m'Ã©panoui","Ce week-end, j'Ã©tais Ã  un anniversaire.

L'ambiance, les rires, les retrouvailles... tout y Ã©tait.

Pourtant, une idÃ©e revenait me restait en tÃªte : l'envie de travailler. ğŸ–¥ï¸

Ce n'est pas une question de retard ou de pression. 

Tout roule de ce cÃ´tÃ©-lÃ . 

C'Ã©tait juste cette envie viscÃ©rale d'Ãªtre dans un coin tranquille, une tasse de cafÃ©, le WiFi connectÃ©, et de plonger dans ce que j'aime faire.

Car travailler n'est pas une contrainte pour moi. 

â†’ C'est ma passion
â†’ Ma zone de confort
â†’ Mon moment d'Ã©panouissement.

Ca vous est dÃ©jÃ  arrivÃ© ? 
"
"Aucun de mes amis ne consomment mes contenus 

C'est drÃ´le, on arrive Ã  des conversations Ã©tranges : 

""Ah mais je savais pas que tu avais ce cotÃ© sÃ©rieux !""

C'est ca internet, 

RÃ©veler une partie de sois qu'on a jamais osÃ© assumer en public
","Unpopular Opinion : aucun de tes amis ne consomment tes contenus en ligne. ğŸ˜…

Perso, Ã§a donne des conversations assez surrÃ©alistes :

""Ah bon, t'as ce cÃ´tÃ© sÃ©rieux ? J'aurais jamais cru !""

C'est la beautÃ© d'internet :

â†’ DÃ©couvrir des facettes inexplorÃ©es des personnes qu'on croyait connaÃ®tre sur le bout des doigts.
â†’ RÃ©vÃ©ler au grand jour des parties de nous-mÃªme qu'on n'avait jamais osÃ© assumer.

Internet, ce terrain de jeu oÃ¹ l'on peut enfin Ãªtre pleinement soi, 

Sans masque, 

Sans filtre. ğŸ­

Et vous, quelle partie de vous rÃ©vÃ¨le internet ?"
"Naval Ravikant fait partie des entrepreneurs qui m'a le plus boulversÃ©

Sauf qu'il ma aussi fait faire une terrible erreur

Dans le livre de Naval,  L'almanach disponible gratuitement en ligne, 

Naval explique ""audience first, product later""

J'ai appliquÃ© ce concept mais je me suis trompÃ©

Car j'ai oubliÃ© de dÃ©terminer un objectif

CrÃ©er une audience sans avoir d'objectif, ca mÃ¨ne nul part

C'est la ou avoir un mini produit, mÃªme gratuit (newsletter par exemple) c'est intÃ©rÃ©ssant

De cette maniÃ¨re tu peux calculer la rentabilitÃ© de tes posts, lesquels ont le plus marchÃ©s, comment Ã©volue ton audience etc

Si tu aspires Ã  devenir un crÃ©ateur entrepreneur, crÃ©e un produit ","Naval Ravikant est une de mes inspirations majeures.

Il a un bouquin en ligne, gratuit : ""L'Almanach de Naval"". Il y dit : ""D'abord l'audience, ensuite le produit.""

J'ai tentÃ©. Mais j'ai oubliÃ© un dÃ©tail : avoir un but.

Construire une audience sans but, c'est tourner en rond.

J'ai compris qu'il faut au moins un petit truc Ã  offrir. Comme une newsletter gratuite. Ã‡a aide Ã  :

â†’ Voir quels posts marchent.
â†’ Savoir ce que les gens aiment.
 â†’Suivre l'Ã©volution de ton public.
â†’ Si tu veux te lancer, pense Ã  un produit. MÃªme tout petit.

Ne fais pas comme moi. 

â†’ Fonce avec un plan."
"On sous-estime le pouvoir du gratuit

Tous les jours on me demande si mon podcast me gÃ©nÃ¨re de l'argent 

La vÃ©ritÃ© c'est que les personnes veulent des retours sur investissements court terme alors qu'aucune de mes entreprises n'a Ã©tÃ© rentable Jour 1

- Hendy : l'agence de rÃ©fÃ©rencement pour avocats. J'ai Ã©cris 15 articles de blog, et rÃ©alisÃ© autant de vidÃ©o Youtube pour n'avoir aucun rÃ©sultat ... Pendant 6 mois. Puis, le seo Ã  pris le dessus et aujourd'hui ca nous gÃ©nÃ¨re entre 5 Ã  10 leads par mois. 

- Le coaching Linkedin : J'ai publiÃ© 400 posts avant de penser Ã  la monÃ©tisation. Je voulais d'abord comprendre comment ca fonctionnait, et crÃ©er une crÃ©dibilitÃ©. Aujourd'hui je propose des coachings entre 750 et 3000â‚¬

- Les podcasts 10K Social Club : chaque Ã©pisode me coute entre 500 et 600 â‚¬ Ã  produire. Je n'ai aucun ROI, si ce n'est que je crÃ©e des liens avec des gens normalement inaccessibles, que je construits un format long qui me crÃ©dibilise par association. 

Aucun n'ont Ã©tÃ© rentable jour 1 

Pourtant tous sont indispensables Ã  la vie que je mene aujourd'hui ","On me demande souvent : ""Ton podcast te rapporte quoi ?""

La rÃ©ponse ? Pas d'argent. Du moins, pas directement.

Beaucoup cherchent des retours sur investissement rapides, mais aucune de mes entreprises nâ€™a Ã©tÃ© rentable dÃ¨s le dÃ©part. 

Voici mon parcours :

1 - Hendy (l'agence SEO pour avocats) :

â†’ DÃ©but : 15 articles, autant de vidÃ©os YouTube, zÃ©ro rÃ©sultat pendant 6 mois.
â†’ Maintenant : Le SEO s'est activÃ© et nous avons entre 5 et 10 leads par mois.

2 - Coaching LinkedIn :

â†’ DÃ©but : 400 posts avant de penser monÃ©tisation, le but Ã©tant de comprendre le mÃ©canisme et de bÃ¢tir une crÃ©dibilitÃ©.
â†’ Maintenant : Des sessions de coaching entre 750 et 3000â‚¬.

3 - Podcasts 10K Social Club :

â†’ CoÃ»t : Entre 500 et 600â‚¬ par Ã©pisode.
â†’ Gain : CrÃ©er des connexions avec des personnes normalement inaccessibles et bÃ¢tir une rÃ©putation solide.

Aucun de ces projets n'Ã©tait rentable au jour 1.

Mais aujourd'hui, ils sont le socle de ma vie professionnelle et ils sont nÃ©s du GRATUIT.

N'ayez pas peur d'investir dans le gratuit. Ã‡a paie, Ã  long terme."
"Une des choses les plus intÃ©rÃ©ssantes que m'a dit laurine bemer c'est que sa vie a changÃ© quand elle a compris que vendre dans chacun de ses posts Ã©tait un super pouvoir

Elle m'a dit : 

Vend 1x par jour dans tes posts pendant 1 mois, et tu verras que tu n'en reviendras pas

Elle a raison

Tes posts Linkedin c'est ta vitrine professionnelle, 

C'est bien d'apporter de la valeur, 

Mais il ne faut pas oublier l'objectif ultime : 

Vendre. 

Alors Ã  partir d'aujourd'hui je vais ajouter un CTA Ã  chacun de mes posts 

Je vous tiendrai informÃ© des rÃ©sultats !","J'ai eu une discussion fascinante avec Laurine Bemer rÃ©cemment.

Elle m'a confiÃ© : ""Tu sais, ma vie a basculÃ© quand j'ai compris que vendre dans chaque post Ã©tait un super pouvoir.""

Et elle m'a lancÃ© un dÃ©fi :

""Vends 1x par jour dans tes posts pendant un mois, et observe le changement.""

Ã‡a m'a fait rÃ©flÃ©chir.

Nos posts sur LinkedIn, c'est bien plus que de simples textes. C'est notre vitrine, notre reflet professionnel. On y apporte de la valeur, des conseils, des histoires...

Mais on oublie souvent le cÅ“ur de toute entreprise : Vendre.

Alors, oui, Ã  partir d'aujourd'hui, vous verrez un CTA (Call to Action) dans chacun de mes posts.

RÃ©sultats dans un mois. 

Abonnez-vous ! ğŸ˜‰"
"
J'avoue, j'ai trichÃ© ...

Avec mes podcasts j'ai accÃ¨s aux coulisses d'entrepreneurs que j'aurai jamais pu rencontrÃ© dans la vie rÃ©elle

Que ce soit Juliette Cadot, Melissa Osmosi, Jean Charles Kurdali ou Laurine Bemer, 

Tous m'ont donnÃ© sans compter, avec une gÃ©nÃ©rositÃ© Ã©norme des conseils beaucoup plus prÃ©cieux que n'importe quelle formation

Voici mon top 3 : 

Juliette Cadot : Je fais ce que je veux 
Melissa Ozmasi : Fais une stratÃ©gie avec un planning Ã©ditoriale
Laurine Bemer : Vends chaque jour pendant 30 jours 
Marc Lebas : Lache prise, accÃ¨pte que ca puisse Ãªtre un echec","Je dois vous lâ€™avouerâ€¦ Jâ€™ai trichÃ©.

GrÃ¢ce Ã  mes podcasts, je suis passÃ© derriÃ¨re le rideau. 

Jâ€™ai eu un accÃ¨s privilÃ©giÃ© aux esprits brillants d'entrepreneurs que, franchement, je nâ€™aurais jamais pu approcher autrement.

Juliette Cadot, Melissa Osmosi, Jean Charles Kurdali, Laurine Bemer... Chacun d'eux, avec une gÃ©nÃ©rositÃ© sans borne, m'a transmis des leÃ§ons plus prÃ©cieuses que toute formation payante.

Voici ce quâ€™ils mâ€™ont appris :

Juliette Cadot : ""Je fais ce que je veux, quand je le veux.""

Melissa Ozmasi : ""Construis une stratÃ©gie solide avec un planning Ã©ditorial.""

Laurine Bemer : ""Chaque jour, pendant 30 jours, vends.""

Marc Lebas : ""LÃ¢che prise. Accepte que cela puisse Ãªtre un Ã©chec.""

Chaque conseil est un diamant en soi. Et je suis incroyablement reconnaissant d'avoir ""trichÃ©"" pour les obtenir."
"J'utilise l'inteligence artificielle pour crÃ©er mes posts LinkediN

Pourtant ils sont authentiques. Voici comment faire : 

1 - Je dÃ©veloppe une liste d'idÃ©es de posts LK sur Notion 
2 - Chaque lundi je dispatche x1 idÃ©e par jour sur mon planning Ã©ditoriale. Exemple : Lundi : expertise, mardi valeur, mercredi vente. 
3 - J'ai entrainÃ© une discussion chatgpt avec de nombreux posts Linkedin que j'aime. Je lui indique mon idÃ©es (je fais attention Ã  respecter les rÃ¨gles du storytelling) 
4 - Je clique sur ""Regenrate"" jusqu'a avoir une piste intÃ©rÃ©ssante. 
5 - Je lui demande de modifier l'accroche, ou la morale. 
6 - Je fais les ajustements pour Ãªtre encore plus ""vrai"" dans la maniÃ¨re de parler
7 - Je planifie la publication de mes posts avec l'outil Content Studio 

L'IA n'est pas un ennemi. 

C'est pas la fin des crÃ©ateurs. Au contraire. 

Ca nous permet d'aller encore plus loins. 

Ma crÃ©ation de contenu Ã  changÃ© quand j'ai compris que je voulais Ãªtre payÃ© pour mon jugement, et non pour mon travail. ","J'utilise l'IA pour crÃ©er tous mes posts LinkedIn, 

Pourtant, ils sont authentiques. 

Comment je fais ?

ğŸ“ Ã‰tape 1 : J'Ã©labore une liste d'idÃ©es pour mes posts sur Notion.

ğŸ—“ï¸ Ã‰tape 2 : Chaque lundi, je dispatche une idÃ©e par jour selon mon calendrier Ã©ditorial. Par exemple, lundi c'est expertise, mardi c'est valeur, mercredi c'est vente.

ğŸ¤– Ã‰tape 3 : J'ai entraÃ®nÃ© ChatGPT avec mes posts LinkedIn favoris. Je lui fournis mon idÃ©e, en respectant les rÃ¨gles du storytelling.

ğŸ”„ Ã‰tape 4 : Je clique sur ""Regenerate"" jusqu'Ã  obtenir une Ã©bauche captivante.

âœï¸ Ã‰tape 5 : Je peaufine l'accroche ou la conclusion.

ğŸ§‘â€ğŸ¨ Ã‰tape 6 : J'apporte une touche personnelle pour que le post sonne ""vrai"".

ğŸ“† Ã‰tape 7 : J'utilise l'outil Content Studio pour planifier mes publications.

L'IA n'est PAS notre adversaire.

Ce n'est PAS la fin des crÃ©ateurs. 

C'est un tremplin qui nous permet de viser encore plus haut.

Ma perspective sur la crÃ©ation de contenu a Ã©voluÃ© quand j'ai rÃ©alisÃ© que je voulais Ãªtre rÃ©munÃ©rÃ© pour mon jugement, 

Pas seulement pour mon travail."
"Top 10 des raisons pour lesquels j'aime la crÃ©ation de contenu : 

1 - Ca permet de crystaliser tes pensÃ©es
2 - Ca nourrit mon fantasme de devenir un jour Ã©crivain
3 - C'est le lien parfait entre artiste et business man
4 - Ca laisse une trace de toi dans le temps, dont tu peux Ãªtre fier
5 - Ca utilise la scalabilitÃ©, les efftes cumulÃ©s sont Ã©normes
6 - Ca agit comme un ascenceur social
7 - Ce n'est pas un choix, j'ai trop de choses Ã  dire
8 - Tu attires des gens intÃ©rÃ©ssants et quo te ressemblent
9 - Les business lifestyle sont les meilleurs business au monde
10 - C'est la meilleure compÃ©tence que j'ai trouvÃ© jusqu'ici pour moi ","Pourquoi j'aime tant crÃ©er du contenu ? Voici mon top 10 : ğŸ‘‡

1 - Ã‡a clarifie mes idÃ©es. Je pense mieux quand j'Ã©cris.

2 - Mon rÃªve secret. Je veux Ãªtre Ã©crivain.

3 - Entre art et business. Je peux Ãªtre crÃ©atif tout en Ã©tant pro.

4 - Je laisse une trace. Quelque chose dont je peux Ãªtre fier.

5 - Ã‡a se multiplie. Un post peut toucher plein de gens.

6 - Ã‡a ouvre des portes. On ne sait jamais qui le lira.

7 - J'ai tellement Ã  dire. C'est plus fort que moi.

8 - Je rencontre des gens cool. Ceux qui aiment mes idÃ©es.

9 - Vivre de sa passion. C'est Ã§a le rÃªve, non ?

10 - C'est mon super pouvoir. La meilleure chose que j'ai apprise.

Et toi, pourquoi tu crÃ©es (ou pas) du contenu ? Raconte-moi en commentaires ! ğŸ‘‡
"
"La solitude des solopreneurs est pÃ©nible

Mon top 3 des maniÃ¨res de la vaincre :

1 - S'inscire ou acheter des formations avec des communautÃ©s

J'ai rencontrÃ© beaucoup de personne de cette maniÃ¨re, des personnes qui sont actuellement dans le mÃªme mindset et le mÃªme objectif que toi. 

2 - CrÃ©er du contenu et aller parler aux gens

C'est tout bete, mais j'ai mis longtemps Ã  comprendre que Linkeidn Ã©taut un petit monde ou tout le monde se connaissait. 

3 - Sortir Ã  des Ã©vÃ©nements entrepreneurs 

Bonus : 

Faire des podcast","Solopreneur : Comment briser la solitude en 3 Ã©tapes (+1 bonus) ğŸš€

La solitude quand t'es Ã  ton compte, c'est dur. Voici mon top 3 pour ne plus te sentir seul :

Formations avec communautÃ©s. ğŸ¤

â†’ J'ai rejoint plusieurs. RÃ©sultat ? Des rencontres incroyables avec des gens qui ont la mÃªme ambition que toi.

CrÃ©er & Ã©changer sur Linkedin. ğŸ—£ï¸

â†’ J'ai compris un truc : Linkedin, c'est comme un gros village oÃ¹ tout le monde se connaÃ®t. Parle, Ã©change, Ã§a change tout.

Participer Ã  des Ã©vÃ©nements pour entrepreneurs. ğŸ¤

â†’ Rien ne vaut le contact direct. L'Ã©nergie, les idÃ©es, tout fuse !

ğŸ‰ Bonus : Fais des podcasts.

â†’ Une maniÃ¨re gÃ©niale d'aller Ã  la rencontre des autres tout en partageant.

Et toi, comment tu brises la solitude de l'entrepreneuriat ?"
"La majoritÃ© des entrepreneurs qui gagnent plus de 10K / mois sont des gens simples

Ils ne : 

- Parlent pas plus forts que les autres
- S'habillent chez Zara ou autre magasin lambda
- Ils n'ont pas de grosses belles voitures ou de rolex

Par contre, ils ont souvent : 

- Un logement vraiment agrÃ©able
- Ils se font plaisir sur les restau, les sorties
- DÃ©pensent sans compter sur les formations en ligne

Choisissez votre combat ","J'ai remarquÃ© que la plupart des entrepreneurs qui gagnent bien leur vie (+ de 10K/mois) sont plus simples qu'on ne le croit.

Ils ne sont pas du genre Ã  :

â†’ Parler plus fort que les autres ğŸ—£ï¸
â†’ S'habiller avec des marques ultra chÃ¨res ğŸ‘”
â†’ Afficher une Rolex ou conduire une voiture de luxe ğŸš—

Au contraire, leur quotidien rÃ©vÃ¨le une tout autre rÃ©alitÃ© :

â†’ Ils vivent dans un endroit qu'ils aiment vraiment ğŸ 
â†’Ils savent apprÃ©cier un bon restaurant, une belle sortie ğŸ½ï¸
â†’ Ils n'hÃ©sitent pas Ã  investir dans des formations de qualitÃ©, sans regarder Ã  la dÃ©pense ğŸ“ˆ

En somme, ils choisissent avec soin leurs prioritÃ©s, et oÃ¹ ils mettent leur Ã©nergie et leur argent.

Et toi, quel combat choisis-tu ? ğŸ’ª
"
"3 livres qui valent plus que 5000â‚¬ de formation : 

1 - Almanach de Naval Ravikant
2 - Miracle Morning
3 - 100 Millions offer de Alex Hormozi","3 Livres ğŸ“š > 5000â‚¬ de Formation ğŸ“

J'ai dÃ©pensÃ© beaucoup en formations, mais parfois un bon livre vaut tout l'or du monde. Voici mon top 3 des livres qui m'ont apportÃ© autant, sinon plus, que des formations coÃ»teuses :

1 - L'Almanach de Naval Ravikant ğŸ§ 
Une vraie pÃ©pite pour l'esprit entrepreneurial. On y dÃ©couvre des leÃ§ons de vie et des principes de rÃ©ussite.

2 - Miracle Morning â°
Une routine matinale peut tout changer. Ce livre m'a montrÃ© comment transformer mes matins... et ma vie.

3 - 100 Millions Offer d'Alex Hormozi ğŸ’¸
Apprendre Ã  crÃ©er une offre irrÃ©sistible est un art. Ce livre est le guide.

Investir en soi ne signifie pas toujours dÃ©penser des fortunes. 

Parfois, la sagesse se trouve dans les pages d'un livre Ã  moins de 20â‚¬.

Et toi, quel livre a changÃ© ton regard sur ton mÃ©tier ou ta vie ?"
"Mon planning Ã©ditoriale de la semaine est toujours le mÃªme :

Il est constituÃ© de 3 Pilliers : dÃ©montrer mon expertise, mes valeurs et donner du gratuit. 

Ca donne un calendrier comme ca :

Lundi : Expertise
Mardi : Valeur
Mercredi : Gratuit
Jeudi : Expertise
Vendredi : Valeur 
Dimanche : Gratuit

En 1 matinÃ©e par semaine je suis capable de le remplir. 

Tous est planifiÃ©. 

Je prends juste 30 min par jour pour rÃ©pondre aux commentaires.","Chaque semaine, c'est la mÃªme routine. Mon planning est basÃ© sur 3 piliers, qui me tiennent Ã  cÅ“ur :

1 - Expertise : Montrer ce que je sais faire.
2 - Valeurs : Partager ce en quoi je crois.
3 - Gratuit : Offrir des conseils, des astuces, des pÃ©pites.

VoilÃ  comment je structure ma semaine :

Lundi â†’ Expertise ğŸ“
Mardi â†’ Valeurs ğŸ’–
Mercredi â†’ Gratuit ğŸ
Jeudi â†’ Expertise ğŸ“
Vendredi â†’ Valeurs ğŸ’–
Dimanche â†’ Gratuit ğŸ

Le plus fou dans tout Ã§a ? 

Je remplis tout mon calendrier en une seule matinÃ©e par semaine. 

Tout est planifiÃ©. Je garde ensuite 30 min chaque jour, juste pour Ã©changer avec vous en commentaires.

Toi aussi, t'as un planning spÃ©cial pour tes publications ?"
"La plupart des gens se plaignent de ne pas savoir quoi dire sur Linkedin. 

Et quand tu creuses, tu t'apercois qu'ils ont la meme vie depuis x annÃ©es.

- Ils ne lisent pas
- Ils n'achetent pas de formations
- Ils ne s'intÃ©resse pas Ã  ce qui se passe aux US

Si tu te retrouves dans cette liste, 

Change. 

Tu dois devenir la meilleure version de toi mÃªme pour inspirer les autres. 

Moral : pour raconter des histoires intÃ©rÃ©ssantes, fais des trucs stylÃ©s. ","Comment raconter des histoires captivantes sur Linkedin? ğŸ¤”

La plupart me disent : ""Je sais pas quoi partager ici.""

Quand on creuse un peu, souvent, c'est la mÃªme routine depuis des annÃ©es :

â†’ Pas de nouveaux livres ğŸ“š
â†’ ZÃ©ro formation achetÃ©e ğŸ“
â†’ Aucun intÃ©rÃªt pour les tendances, surtout de l'autre cÃ´tÃ© de l'Atlantique ğŸŒ

Si tu te reconnais... Il est temps de bouger.

Pourquoi ? 

Parce que pour inspirer, faut dÃ©jÃ  Ãªtre inspirÃ© toi-mÃªme. 

Deviens cette version de toi qui inspire, qui motive.

Conseil du jour : 

Pour raconter des choses intÃ©rÃ©ssantes, fais des trucs stylÃ©s "
"La plupart des mauvaises idÃ©es sont excellentes. 

Ma plus belle victoire de ces derniÃ¨res annÃ©es, 

C'est d'avoir rÃ©ussi Ã  lancer une agence marketing pour avocats alors ...

Que tout le monde me disait que c'Ã©tait impossible. 

- J'ai jamais fais de droit
- Je connaissais personne dans le milieu
- On a plusieurs fois essayÃ© de m'assassiner en public

Mais j'en ai fais qu'a ma tÃªte. 

Et ca a marchÃ© : 

Aujourd'hui mes cofondateurs sont bien plus experts dans leur domaine que moi, 

- Une ex-juriste
- Un ex-salariÃ© d'une Ã©norme agence marketing

L'important c'est la vision, 

Le reste c'est de l'improvisation. ","""Tes idÃ©es ? Elles sont mauvaises, irrÃ©alisables !""

Et pourtant, l'une de mes plus grandes fiertÃ©s rÃ©centes,

C'est d'avoir donnÃ© vie Ã  une agence marketing spÃ©ciale pour les avocats...

...alors que tout semblait contre moi :

â†’ Aucune connaissance en droit
â†’ ZÃ©ro contact dans le domaine
â†’ Des critiques acerbes et des tentatives de me discrÃ©diter publiquement
â†’ Mais j'ai persÃ©vÃ©rÃ©, suivi ma propre route.

Et voilÃ  le rÃ©sultat :

J'ai su m'entourer de co-fondateurs au savoir-faire exceptionnel :

â†’ Une juriste hors pair
â†’ Un expert du marketing avec une expÃ©rience remarquable

Car le secret rÃ©side dans la vision et la capacitÃ© Ã  improviser, Ã  adapter.

Et toi, as-tu dÃ©jÃ  surmontÃ© les obstacles pour concrÃ©tiser une idÃ©e jugÃ©e ""mauvaise"" par les autres ? ğŸ’ª"
"J'ai commencÃ© Ã  crÃ©er du contenu sur linkedin par challenge

J'y suis restÃ© pour ce que ca a changÃ© ma vie : 

- Des rencontres
- De la crÃ©dibilitÃ© en ligne
- J'y ai signÃ© mon 1er gros client hendy 
- J'y ai lancÃ© une offre de coaching, une newsletter et maintenant un podcast

Sauf qu'avec le recul, je me rends compte qu'il y aurait eu pas mal de chose que j'aurai aimÃ© savoir plus tot : 

- Connaitre les 3 pilliers du contenu en ligne
- Savoir comment ajuster mon authenticitÃ© 
- GÃ©nÃ©rer des idÃ©es Ã  la pelle 
- Les rÃ¨gles d'un post qui plait
- Avoir un profil qui convertit
- Les hacks secrets pour aller plus vite que les autres

 Et maintenant aussi : Comment utiliser l'IA pour aller encore plus loin

C'est toutes ces choses que j'aborde dans ma formation 

J'y offre gratuitement 45 min de vidÃ©o pour optimiser son profil + 17 templates de banniÃ¨res Linkedin + 6 biographies efficaces pour vendre

Lien en commentaire","J'ai dÃ©marrÃ© ici par simple dÃ©fi. Puis, petit Ã  petit, LinkedIn a transformÃ© ma vie :

ğŸ¤ J'ai fait des rencontres incroyables.
ğŸ” Ma crÃ©dibilitÃ© a explosÃ© en ligne.
ğŸš€ Hendy est devenu mon premier gros client grÃ¢ce Ã  Ã§a.
ğŸ¤ J'y ai lancÃ© coaching, newsletter, et mÃªme un podcast.

Mais en regardant en arriÃ¨re, il y a tellement de trucs que j'aurais aimÃ© connaÃ®tre plus tÃ´t :

ğŸ“Œ Les trois piliers du contenu efficace.
ğŸ’¡ Ajuster mon authenticitÃ© pour me dÃ©marquer.
ğŸ§  Trouver toujours plus d'idÃ©es.
âœï¸ Les secrets d'un post accrocheur.
ğŸ‘¥ Optimiser mon profil pour qu'il soit irrÃ©sistible.
â© Et quelques astuces pour avoir une longueur d'avance.

Sans oublier la nouvelle frontiÃ¨re : exploiter l'IA pour booster mon jeu.

D'ailleurs, je partage tout Ã§a dans ma formation.

ğŸ Et pour te donner un avant-goÃ»t : je t'offre 45 min pour optimiser ton profil, 17 designs de banniÃ¨res, et 6 biographies qui font mouche.

Pour y accÃ©der ? 

C'est simple, lien en commentaire.

Et toi, qu'aurais-tu aimÃ© savoir en dÃ©butant sur LinkedIn?"
"Quand tu commences Ã  crÃ©er du contenu en ligne, 

C'est la pire erreur Ã  faire c'est d'attendre que tes potes te soutiennent : 

Ils sont pas dans ta cible, vont jamais consommer tes contenus (mÃªme si ils disent le contraire) 

RÃ©sultat ? 

L'algorithme pense que tes contenus sont nuls

Surtout si tu as une toute petite audience

Mon conseil ? 

Accepte que tout le monde part Ã  0 like au dÃ©but

Et vas les chercher un par un, follower aprÃ¨s follower

- Poste tous les jours quoi qu'il arrive
- Vas parler Ã  3 personnes par jour 
- Fais 3 visio par semaines 

Fais ca 30 jours et regarde les rÃ©sultats

L'Ã©poque ou tu demandais des likes Ã  tes potes te paraitra bien loin


ChatGPT

3 / 3

L'erreur #1 quand tu dÃ©butes dans la crÃ©ation de contenu ? Compter sur tes amis. ğŸš«

VoilÃ  ce que j'ai compris :

Tes amis ne sont pas ta cible. MÃªme s'ils te soutiennent, ils ne consommeront pas forcÃ©ment ton contenu.
L'algorithme est sans pitiÃ©. Si tes proches ne rÃ©agissent pas, il pensera que ton contenu n'est pas bon.
Avoir peu de followers, c'est normal au dÃ©but. Tout le monde est passÃ© par lÃ .
Alors, que faire ? ğŸ¤”

âœ… Accepte le challenge : tu commenceras avec 0 like.
âœ… Bosse dur : un post par jour, quoi qu'il arrive.
âœ… Engage-toi : parle Ã  3 nouvelles personnes chaque jour.
âœ… Connecte-toi : fais 3 visios par semaine.

Suis ce plan pendant 30 jours. Et aprÃ¨s ? Tu verras une diffÃ©rence, c'est sÃ»r. Demander des likes Ã  tes potes ? Ã‡a, c'Ã©tait avant.

#CrÃ©ationDeContenu #DÃ©but #Conseil




","L'erreur #1 quand tu dÃ©butes dans la crÃ©ation de contenu ? Compter sur tes amis. ğŸš«

VoilÃ  ce que j'ai compris : Tes amis ne sont pas ta cible. 

MÃªme s'ils te soutiennent, ils ne consommeront pas forcÃ©ment ton contenu.

L'algorithme est sans pitiÃ©. Si tes proches ne rÃ©agissent pas, il pensera que ton contenu n'est pas bon.

Avoir peu de followers, c'est normal au dÃ©but. Tout le monde est passÃ© par lÃ .

Alors, que faire ? ğŸ¤”

âœ… Accepte le challenge : tu commenceras avec 0 like.
âœ… Bosse dur : un post par jour, quoi qu'il arrive.
âœ… Engage-toi : parle Ã  3 nouvelles personnes chaque jour.
âœ… Connecte-toi : fais 3 visios par semaine.

Suis ce plan pendant 30 jours. 

Et aprÃ¨s ? Tu verras une diffÃ©rence, c'est sÃ»r. 

Demander des likes Ã  tes potes ? Ã‡a, c'Ã©tait avant."